<application>
  <component name="ProjectManager">
    <defaultProject>
      <component name="PropertiesComponent"><![CDATA[{
  "keyToString": {
    "settings.editor.selected.configurable": "preferences.lookFeel"
  }
}]]></component>
      <component name="WindowStateProjectService">
        <state x="169" y="24" key="SettingsEditor" timestamp="1712500020458">
          <screen x="0" y="0" width="1366" height="768" />
        </state>
        <state x="169" y="24" key="SettingsEditor/0.0.1366.768" timestamp="1712500020458" />
      </component>
    </defaultProject>
  </component>
</application>