<application>
  <component name="UISettings">
    <option name="DIFFERENTIATE_PROJECTS" value="false" />
    <option name="EDITOR_TAB_PLACEMENT" value="4" />
    <option name="HIDE_TOOL_STRIPES" value="true" />
    <option name="OPEN_TABS_AT_THE_END" value="true" />
    <option name="SHOW_CLOSE_BUTTON" value="false" />
    <option name="SHOW_FILE_ICONS_IN_TABS" value="false" />
    <option name="SHOW_ICONS_IN_MENUS" value="false" />
    <option name="smoothScrolling" value="false" />
    <option name="UI_DENSITY" value="COMPACT" />
  </component>
</application>