<keymap version="1" name="juancamr keymaps" parent="VSCode">
  <action id="$Redo">
    <keyboard-shortcut first-keystroke="shift ctrl z" />
    <keyboard-shortcut first-keystroke="shift alt back_space" />
  </action>
  <action id="$SelectAll">
    <keyboard-shortcut first-keystroke="ctrl a" />
    <keyboard-shortcut first-keystroke="ctrl u" />
  </action>
  <action id="ActivateTerminalToolWindow">
    <keyboard-shortcut first-keystroke="alt t" />
  </action>
  <action id="CheckinProject">
    <keyboard-shortcut first-keystroke="alt c" />
  </action>
  <action id="CloseAllEditors">
    <keyboard-shortcut first-keystroke="shift alt w" />
  </action>
  <action id="CloseAllEditorsButActive">
    <keyboard-shortcut first-keystroke="shift alt t" />
  </action>
  <action id="CloseAllToTheRight">
    <keyboard-shortcut first-keystroke="shift alt l" />
  </action>
  <action id="CloseContent">
    <keyboard-shortcut first-keystroke="alt w" />
  </action>
  <action id="CloseProject" />
  <action id="CommentByLineComment">
    <keyboard-shortcut first-keystroke="ctrl k" second-keystroke="ctrl c" />
    <keyboard-shortcut first-keystroke="ctrl k" second-keystroke="ctrl u" />
  </action>
  <action id="CopyAbsolutePath">
    <keyboard-shortcut first-keystroke="ctrl k" second-keystroke="p" />
  </action>
  <action id="CopyPaths">
    <keyboard-shortcut first-keystroke="ctrl k" second-keystroke="p" />
  </action>
  <action id="Editor SelectAll">
    <keyboard-shortcut first-keystroke="ctrl u" />
  </action>
  <action id="EditorChooseLookupItemReplace">
    <keyboard-shortcut first-keystroke="ctrl y" />
  </action>
  <action id="EditorDown">
    <keyboard-shortcut first-keystroke="down" />
    <keyboard-shortcut first-keystroke="ctrl n" />
  </action>
  <action id="EditorEscape">
    <keyboard-shortcut first-keystroke="escape" />
    <keyboard-shortcut first-keystroke="ctrl c" />
  </action>
  <action id="EditorIndentSelection" />
  <action id="EditorStartNewLine" />
  <action id="EditorStartNewLineBefore" />
  <action id="EditorUp">
    <keyboard-shortcut first-keystroke="up" />
    <keyboard-shortcut first-keystroke="ctrl p" />
  </action>
  <action id="FileChooser.NewFile" />
  <action id="Find" />
  <action id="Git.Commit.Stage">
    <keyboard-shortcut first-keystroke="alt c" />
  </action>
  <action id="Git.Stage.Add.All">
    <keyboard-shortcut first-keystroke="shift ctrl l" />
  </action>
  <action id="Git.Stage.ToggleCommitAll">
    <keyboard-shortcut first-keystroke="shift alt c" />
  </action>
  <action id="GotoFile" />
  <action id="HideActiveWindow">
    <keyboard-shortcut first-keystroke="ctrl b" />
    <keyboard-shortcut first-keystroke="ctrl slash" />
  </action>
  <action id="HideSideWindows" />
  <action id="InsertInlineCompletionAction" />
  <action id="ManageRecentProjects">
    <keyboard-shortcut first-keystroke="ctrl f" />
  </action>
  <action id="NewClass">
    <keyboard-shortcut first-keystroke="ctrl a" />
  </action>
  <action id="NewDir">
    <keyboard-shortcut first-keystroke="shift ctrl d" />
  </action>
  <action id="RecentProjectListGroup" />
  <action id="RenameElement">
    <keyboard-shortcut first-keystroke="f2" />
    <keyboard-shortcut first-keystroke="ctrl r" />
  </action>
  <action id="Run">
    <keyboard-shortcut first-keystroke="shift ctrl enter" />
  </action>
  <action id="SelectAllOccurrences">
    <keyboard-shortcut first-keystroke="ctrl f2" />
  </action>
  <action id="SelectNextOccurrence">
    <keyboard-shortcut first-keystroke="ctrl f3" />
  </action>
  <action id="SplitChooser.Duplicate" />
  <action id="Terminal.SmartCommandExecution.Debug" />
  <action id="Terminal.SmartCommandExecution.Run" />
  <action id="UnselectPreviousOccurrence" />
  <action id="UsageFiltering.ReadAccess" />
  <action id="WelcomeScreen.CopyProjectPath">
    <keyboard-shortcut first-keystroke="ctrl k" second-keystroke="p" />
  </action>
  <action id="com.mnw.tabmover.actions.MoveTabDownAction">
    <keyboard-shortcut first-keystroke="alt l" />
  </action>
  <action id="com.mnw.tabmover.actions.MoveTabUpAction">
    <keyboard-shortcut first-keystroke="alt h" />
  </action>
  <action id="context.load" />
  <action id="copilot.disposeInlays" />
  <action id="org.intellij.plugins.markdown.ui.actions.styling.InsertImageAction" />
  <action id="org.intellij.plugins.markdown.ui.actions.styling.ToggleBoldAction" />
  <action id="tasks.close" />
  <action id="tasks.switch" />
</keymap>